mutation	FL1004T1_AMP01	FL1004T1_AMP01_std	FL1004T2_AMP01	FL1004T2_AMP01_std	cluster_id
ABCC8_chr11:17470091	0.8663462739061695	0.19364191083409568	0.8695329426735309	0.19440209914998957	5
ABCG5_chr2:44058935	0.588815040305793	0.07563934369938245	0.5846826146699935	0.08250336315551948	4
AHNAK2_chr14:105409087	0.009015012194980156	0.003400651134870119	0.6254005580474943	0.13550474924904493	2
AKAP11_chr13:42877107	0.823923643595435	0.20887362436817603	0.8180040623582876	0.22163338727969667	5
AL162759.1_chr14:54250469	0.836594171557521	0.2051978005499463	0.834401913374827	0.2135980921274975	5
ARHGEF28_chr5:73181873	0.8384099153257465	0.20409007764106094	0.8356227730445142	0.21207708230303088	5
ARID1A_chr1:27094448	0.8446695079179801	0.20275085821259206	0.8417979375041101	0.21135498835058986	5
ARL2_chr11:64786147	0.8123274709993412	0.21194148391150072	0.8045292819364662	0.2248019558474309	5
BCL2_chr18:60985351	0.7634816236101539	0.20602824498110298	0.7609744443347229	0.2114534250116066	5
BCL2_chr18:60985464	0.7678360872649509	0.20725773026191016	0.7753274031184149	0.2047236141491788	5
C22orf34_chr22:50029888	0.841755148104991	0.2037691896341744	0.8394224998567544	0.2124255712535812	5
C2orf78_chr2:74042455	0.992475764531063	0.008315210366926349	0.9953541763808024	0.004681115634681725	5
C3P1_chr19:10172853	0.625260458021397	0.06998436582004121	0.011332655488145453	0.0046576672147973985	3
CABIN1_chr22:24554997	0.01169936495519579	0.005757522753346437	0.8459103611343202	0.14381293912279722	1
CADM1_chr11:115079713	0.852555738480943	0.19816111826217112	0.8549897075328163	0.20009806736715194	5
CADM2_chr3:85865416	0.009241649028641394	0.004137466110770275	0.6405029793282727	0.14768742008940874	2
CADPS2_chr7:122391858	0.9797276659046129	0.0591362909668502	0.993856174135538	0.01803977033670288	5
CCDC141_chr2:179698916	0.0087202035280848	0.0032924758354172987	0.5805381370648381	0.06821382416279839	2
CCND3_chr6:41903731	0.009130900106189764	0.0035824479077531017	0.6309088466458572	0.14139804194250663	2
CD58_chr1:117086940	0.009179715436357653	0.003528077460929035	0.6388158513316629	0.1460865644511748	2
CD58_chr1:117087013	0.6262367115019091	0.07169830826379295	0.011761799050735345	0.007233116133334392	3
CLEC4E_chr12:8688712	0.8371685439038576	0.20420692103308974	0.8340855691375724	0.21270908062717325	5
CLGN_chr4:141313793	0.8288313612404405	0.20645244961599213	0.8257319745263085	0.2146680462734081	5
CREBBP_chr16:3786704	0.8311610823072375	0.20624918957091518	0.828660223578554	0.21403955849337028	5
CSMD1_chr8:4332063	0.008584990940459563	0.0032046410560081437	0.5673281057556911	0.07003686972727988	2
CTC-552D5.1_chr5:119587623	0.6206510685850426	0.07706658394070838	0.011887896357404486	0.007704474398653774	3
DDX3Y_chrY:15023756	0.992275641156886	0.009445279121243221	0.9950649011359761	0.00772841262333905	5
DGKQ_chr4:959781	0.009227986537620718	0.003774372629436423	0.6416252509698432	0.14838759770973511	2
DOCK2_chr5:169463553	0.8460440071596431	0.20226693939117424	0.8434178002995917	0.20987463926075373	5
DPYD_chr1:97981461	0.8416328366562675	0.20400529599927025	0.8397703284159629	0.21118118006924072	5
DSG3_chr18:29037084	0.009015663536992832	0.00344875625075161	0.6222750008965858	0.13245534748873214	2
EBF1_chr5:158500470	0.8371670479071496	0.2050286284044049	0.8345700581924562	0.21298300708860107	5
EIF4G1_chr3:184040341	0.009137345047536034	0.003435420924592799	0.6370410049231452	0.14472859353188658	2
EIF4H_chr7:73601949	0.7580575161688615	0.19460321038881045	0.7332286400608262	0.21875885354112978	4
ELF2_chr4:139983021	0.008927092242665031	0.0033260377714690505	0.6139624625399902	0.12356808421333222	2
EPHA3_chr3:89276340	0.8288192876564151	0.20516647127944634	0.8248586576258713	0.21568962024507166	5
FANK1_chr10:127588660	0.20403833404730345	0.13016689088659406	0.15592341917857439	0.11826736702142371	8
FAS_chr10:90767515	0.9924641060962731	0.00856616010243334	0.9953634637491517	0.004582180235277447	5
FBXL7_chr5:15936788	0.7874809115196568	0.2087429913725499	0.7841492113268609	0.21583732640009495	5
FCHSD1_chr5:141019614	0.008957938355232408	0.0034195012629622454	0.6122280173846865	0.12103225735453735	2
FGFR1_chr8:38285931	0.00937606463979897	0.004367872575843063	0.6436935390647416	0.1494679937536605	2
FXYD7_chr19:35642188	0.8377497394296366	0.20469135028818283	0.8348181193203307	0.21277386379400073	5
GCM2_chr6:10874746	0.7704453050191464	0.21504394814495686	0.7653516567868032	0.2310217098874875	5
GIMAP2_chr7:150390068	0.8249108462051121	0.2066629509373831	0.8287071462764194	0.20755666062870598	5
GPR84_chr12:54757377	0.619743834841755	0.11634719979977867	0.6139916200316254	0.12194770399968456	4
HAS2_chr8:122641101	0.008980439738113981	0.00329890480767151	0.6304301092075429	0.13974289450546307	2
HAS2_chr8:122641464	0.8492062378890263	0.20116529807203032	0.8478975210190532	0.20890105340070117	5
HECTD4_chr12:112666502	0.009683522438877311	0.007864420243963381	0.542279917188018	0.10201634281811199	2
HERC2_chr15:28483865	0.05254787825325087	0.026495129278856184	0.019871814325107325	0.012894284322475661	6
HIST1H1E_chr6:26156811	0.8800901482558511	0.18247226732020244	0.8796912324540719	0.1887290248295768	5
HMCN1_chr1:186113807	0.011899457695245662	0.006100180642554185	0.8544588281735794	0.1364925946501049	1
HVCN1_chr12:111088050	0.9924800838865109	0.008240062405033168	0.9953425831561652	0.004837984263125527	5
INPP4B_chr4:143045881	0.8463642403968504	0.20284391968588186	0.8444924837456347	0.21093818019139618	5
ITGB5_chr3:124515475	0.6207082502894222	0.07470910043126	0.011501390646618679	0.005669324965655351	3
KDM4C_chr9:7057371	0.6200087622548894	0.07497052787141584	0.011420445056933601	0.004899632072285733	3
KIF13A_chr6:17764824	0.7913082280026195	0.2155491874202972	0.7841038213323878	0.2326013354764422	5
KIF26B_chr1:245772704	0.009268674402648351	0.003892560592691474	0.640773256618603	0.14786427760404006	2
KRTAP5-1_chr11:1605763	0.8184484444495956	0.21015166760576837	0.811678484711588	0.22412753741631006	5
LENG8_chr19:54964769	0.008662865644055323	0.003042245207700358	0.6013706647093667	0.1045708636724373	2
LINC00276_chr2:13968042	0.6260283351252226	0.07019122591762887	0.011411656479841319	0.005108631454769152	3
LPIN1_chr2:11924615	0.008681254031882094	0.003338898886587159	0.5761664502410508	0.05980186059805062	2
LRP2_chr2:170042373	0.009462730695751518	0.0038696333254904596	0.643898187356273	0.136589730058611	2
MARCH10_chr17:60814689	0.8260485201955371	0.20721582092819563	0.8236410600152725	0.21442446845137877	5
MARCH6_chr5:10371316	0.8346165587408488	0.2052945756605122	0.8320193986968372	0.21452443379356143	5
MDGA2_chr14:47923885	0.009105454016411949	0.003544710898480942	0.6365256380382036	0.14483636893029478	2
MRC2_chr17:60741986	0.008936869227898398	0.0032446329311809014	0.6206888924567163	0.13074455893760356	2
MTTP_chr4:100510837	0.835500241021922	0.20465704890356048	0.8325591414931465	0.21363211614908528	5
NAV1_chr1:201618291	0.6244992461566669	0.07340781934929055	0.011238457551815854	0.004558530413880311	3
NAV2_chr11:19963028	0.009066737845152231	0.005223943474857177	0.5564815080799954	0.09720891527030341	2
NA_chr10:10911656	0.009193475625341467	0.0039498410342891045	0.6291239431771163	0.13967233395406897	2
NA_chr10:33799095	0.6234936215859401	0.07603830381812239	0.011308609465811333	0.0053836703352785125	3
NA_chr10:8694678	0.775275700321435	0.21504702699059036	0.7688911272465307	0.22954312914755537	5
NA_chr11:23577733	0.6154481572080538	0.09045969871478973	0.0535193340384683	0.12708321075654605	3
NA_chr11:39508948	0.7809833334295783	0.21073859854074645	0.7860432694252034	0.2078863884829059	5
NA_chr13:75411286	0.7460986148627395	0.21260022582539012	0.7374619807301116	0.22292565196112535	5
NA_chr15:21932922	0.3757652512118765	0.1681440747296614	0.34063901445949274	0.18298970818420543	7
NA_chr16:35144374	0.6262963615342957	0.07116926355994238	0.011257559196481753	0.004596025230656902	3
NA_chr16:66393333	0.009171301938156714	0.003780913494684326	0.6370592169350587	0.14520224234260007	2
NA_chr18:36131606	0.008722656178768802	0.003077623898605861	0.6189285304789212	0.12943959818890582	2
NA_chr19:54883827	0.0578374121619261	0.03575614104716282	0.025576211770651672	0.029920518792908298	6
NA_chr1:75409482	0.820424855567308	0.20769068845627003	0.8165164774637699	0.21611084220132462	5
NA_chr22:23247582	0.562848133947588	0.08861852807894047	0.5409797008047235	0.0762503407132719	4
NA_chr2:125881715	0.9924116595363023	0.00881002302953386	0.9953318305642562	0.004829768815141685	5
NA_chr2:126367694	0.008783373931806109	0.0032953550857240956	0.5902666394656614	0.0848591060855538	2
NA_chr2:148367551	0.008586774822844031	0.0029692578005924178	0.5740226254854652	0.05460472221561114	2
NA_chr2:195314993	0.6266378775460089	0.07049803108799726	0.011324243930237194	0.0046169930847271235	3
NA_chr2:439310	0.057635705449928194	0.03950060918811244	0.019707692621656604	0.012658210313076594	6
NA_chr2:95381315	0.008671254630622714	0.0030769124182217543	0.5880917816596788	0.08124073801367653	2
NA_chr3:20573476	0.008926378933147875	0.0033572726811131044	0.6362443156668203	0.14438479799850568	2
NA_chr4:32701697	0.6203908221650486	0.07601431990745003	0.01147752698185252	0.00538522716455775	3
NA_chr4:6013584	0.6204249953840102	0.07629603649408297	0.011616137398869492	0.005907695995722822	3
NA_chr4:90148486	0.8315283276247576	0.2061647510866265	0.8294385681009578	0.21313251758463977	5
NA_chr6:16182272	0.78637883359349	0.21753617082146656	0.7786432999465165	0.2344460468717316	5
NA_chr6:18655178	0.8386214066427953	0.1913860870587343	0.8429799031274728	0.1992943866752497	5
NA_chr7:14114225	0.9807807793148219	0.057627794690652025	0.99462092941833	0.011803993315132062	5
NA_chr9:41740101	0.5423023825168374	0.1024729988391415	0.4293734808349062	0.1648136099636276	4
OR13G1_chr1:247836188	0.8347083360909983	0.20553269043883463	0.8322315991247721	0.21276664487455998	5
OR1A2_chr17:3101403	0.7879165514228924	0.20066019809471713	0.7795940409724493	0.21744299031023998	5
OXR1_chr8:107487279	0.8432671766064813	0.20326671786681852	0.840993987836725	0.21154394049062847	5
P2RX6_chr22:21376967	0.8222146324740616	0.20639443187953557	0.8185893436996826	0.2165145027009872	5
PCDH17_chr13:58298762	0.009677117607288468	0.004200377210048042	0.6687203981868678	0.14933956643291313	2
PDE1C_chr7:32269888	0.980294323608744	0.06088030033809052	0.9944562450368714	0.014592748412326065	5
PHF3_chr6:64395392	0.008938384590970985	0.003392733654618946	0.6025253201226866	0.1005723641706034	2
PITPNM3_chr17:6376007	0.8409905797597692	0.2039068990033714	0.8400228479109426	0.21146838357152464	5
PLCB4_chr20:9085430	0.8401166040900482	0.20406118228626868	0.8369580881132422	0.2121529306788594	5
PLCXD3_chr5:41382478	0.009217553404582956	0.003959369191356785	0.6411587086252951	0.1476993030158866	2
PPP2R2C_chr4:6519543	0.6206214499966428	0.07544103097149443	0.011426293078977847	0.004836364136047268	3
PRCC_chr1:156737751	0.009355469416984152	0.0035372419443489046	0.6857786417240012	0.156479534666778	2
PRKCZ_chr1:2039891	0.9918520027383534	0.014406215729818414	0.9948924969891215	0.010608703583519747	5
PRMT1_chr19:50185203	0.8317158241771274	0.20577394015353276	0.8287202015588133	0.21502070550435926	5
PTCHD3_chr10:27687933	0.8000244072069134	0.22104128733300346	0.7944566195126533	0.23095943476981098	5
RBM23_chr14:23371044	0.009038385909641585	0.0035062389351491296	0.6226686531808445	0.13315718853804698	2
RHBDF2_chr17:74475238	0.7854857771177348	0.21072418305707086	0.7869038331454798	0.2121510706006138	5
RIMS2_chr8:105161050	0.6740348456484113	0.1619615183700028	0.6705433398727779	0.1689415186722747	4
RORC_chr1:151787154	0.8381014419709715	0.20468147403787226	0.8359217894028614	0.21159133488445325	5
RP11-35J1.1_chr6:77280100	0.9923058681344769	0.009190833822965658	0.9947767420572158	0.012726207900825395	5
RP11-716H6.1_chr11:122165971	0.008969815972217673	0.0033267719576811545	0.6160934488635541	0.12168324683571358	2
RP11-820L6.1_chr11:122209571	0.7262224603721403	0.23257201079929554	0.7189526571932678	0.2443352436861074	5
RP3-463P15.1_chr6:94882913	0.9923837804944771	0.008934083446298001	0.9949494839774634	0.010745874155934797	5
RP5-921G16.1_chr7:124002854	0.9818858035503197	0.05551505436240598	0.9948547062171691	0.011647473041039344	5
RPP25L_chr9:34611252	0.00866403484307935	0.003295905820925115	0.5615128348592757	0.07318117980548557	2
RYR3_chr15:33999150	0.009005077425728312	0.0034879176320959937	0.6163697775008714	0.12576063677803084	2
SALL3_chr18:76754034	0.810961983954087	0.19515121886214487	0.7997403115887646	0.2170928233807118	5
SFI1_chr22:31999782	0.0542105301668868	0.02976060967052283	0.019031008074989187	0.011757628019965449	6
SFXN5_chr2:73236173	0.9924774325794473	0.008238858370157951	0.9953129003551463	0.005133984200814923	5
SGK1_chr6:134495668	0.6269048671090123	0.0711907525077966	0.011456604485031885	0.005065065916675831	3
SGK223_chr8:8239128	0.009105839909172565	0.0034197343656570804	0.6407640791440474	0.14803400041899104	2
SLC15A4_chr12:129293453	0.008839043242975783	0.0033860188939993743	0.5945808005870585	0.09110682960532772	2
SLC5A7_chr2:108616263	0.9924665488812574	0.008632268125743352	0.9953352925715122	0.004964140723465762	5
SLC6A2_chr16:55705903	0.8381969430601189	0.20435772425134735	0.8352475530051945	0.21236006605531682	5
SLITRK5_chr13:88329715	0.685786822706248	0.19134046994066373	0.6847344672780907	0.19595438469217913	4
SOX3_chrX:139585979	0.7378564907343665	0.21675269887385776	0.7269967471457685	0.23427736222237558	5
STARD10_chr11:72471729	0.8361304156407643	0.2036091006767899	0.8379461065857522	0.20674010990530586	5
SYTL4_chrX:99946176	0.009156628642521905	0.003924810822500097	0.6159785156656713	0.12090823374763589	2
TEAD3_chr6:35452350	0.8203727369858407	0.20905809993622387	0.8133724004211048	0.22309548491182485	5
TENM2_chr5:167674683	0.8390755406179412	0.20459999912014268	0.8362056317901942	0.21352780479817815	5
THSD7B_chr2:137672344	0.992439590127711	0.00878785564888109	0.9953564815544025	0.004628759975749171	5
TMEM117_chr12:44782225	0.8432535568070522	0.20264614708145576	0.8394306421245523	0.21184993441651584	5
TMEM132D_chr12:130049787	0.6125936995903825	0.08229723151113713	0.011570266538141687	0.0055914471548527385	3
TMEM190_chr19:55888995	0.008694795953087378	0.0030354672309118253	0.583135032942793	0.07332344589712946	2
TMEM220-AS1_chr17:10690481	0.8305328114921922	0.2084289011888181	0.830403439866578	0.21491073124391197	5
TMEM30A_chr6:75965985	0.01186853296035324	0.0060257550297882255	0.8531514350378028	0.13843944823743504	1
TMEM74B_chr20:1161661	0.84676052539588	0.20222933562635143	0.8433113507332837	0.21101681612740736	5
TNFRSF14_chr1:2488138	0.9923292658484592	0.009974751555329394	0.9952603761360354	0.006329243942348347	5
UTRN_chr6:144779986	0.012013291048295663	0.0061965180941032155	0.8604109063486796	0.13331597387348554	1
VGLL4_chr3:11600927	0.008796002015977062	0.0031188875619053806	0.6242665116526561	0.1344343926363784	2
WRNIP1_chr6:2779637	0.009169676647300567	0.003677333486126079	0.6291425088924261	0.1402786797317119	2
ZMAT1_chrX:101138620	0.009063109015543191	0.0037496962442322506	0.6247053240125984	0.1341386379130752	2
ZNF385D_chr3:21462776	0.839453281679341	0.20456782584942576	0.8377316473658586	0.2112800999442365	5
ZNF790_chr19:37310117	0.8345678622677606	0.2057709745706758	0.833201870159557	0.2125879909516708	5
ZNRF3_chr22:29392351	0.8448196946411679	0.20254662781239355	0.8425495017318575	0.21041031224153073	5
